City,Cloudiness,Country,Date,Humidity,Lat,Lng,Max Temp,Wind Speed
constitucion,20,MX,1570643084,43,23.99,-104.67,75,3.36
bredasdorp,32,ZA,1570643076,50,-34.53,20.04,51.8,4.7
punta arenas,20,PH,1570643059,78,14.18,121.12,81,2.24
fort-shevchenko,55,KZ,1570643452,76,44.51,50.26,55.13,6.8
souillac,20,FR,1570643167,67,45.6,-0.6,63,9.17
iquira,75,CO,1570643453,57,2.65,-75.64,80.6,4.7
mys shmidta,95,RU,1570643256,97,62.06,48.62,31.91,5.57
fayaoue,27,NC,1570643454,81,-20.65,166.53,72.41,9.16
keetmanshoop,0,NA,1570643455,24,-26.57,18.15,71.6,16.11
albany,75,US,1570643094,55,42.65,-73.75,62.01,5.82
mataura,100,NZ,1570643064,98,-46.19,168.86,46.99,8.01
oussouye,20,SN,1570643456,83,12.49,-16.54,87.8,2.24
ushuaia,75,AR,1570643060,87,-54.81,-68.31,46.4,6.22
nouakchott,100,MR,1570643456,62,18.08,-15.98,84.2,9.17
serov,100,RU,1570643457,95,59.61,60.57,39.47,3.75
fort saint john,100,IN,1570643457,90,17.96,79.61,75.47,3.14
chuy,19,UY,1570643134,48,-33.69,-53.46,71.69,5.61
castro,75,CL,1570643070,76,-42.48,-73.76,57.2,12.75
camacha,75,PT,1570643173,77,33.08,-16.33,71.6,13.87
sao filipe,0,IN,1570643235,71,20.51,76.21,72.41,3.35
vaini,100,IN,1570643061,95,15.34,74.49,69.89,1.13
kapaa,1,US,1570643101,94,22.08,-159.32,73.4,9.17
cabo san lucas,20,ES,1570643137,72,43.18,-5.8,66.2,9.17
pevek,100,RU,1570643270,82,69.7,170.27,29.57,13.94
kilgore,40,US,1570643461,57,32.39,-94.88,82,6.93
carnarvon,28,ZA,1570643073,59,-30.97,22.13,52.79,24.84
ancud,75,CL,1570643071,76,-41.87,-73.83,57.2,12.75
geraldton,40,CA,1570643130,55,49.72,-86.95,62.6,13.87
san angelo,27,ML,1570643463,25,13.3,-4.9,94.37,7.15
airai,82,TL,1570643088,35,-8.93,125.41,65.03,5.71
damghan,16,IR,1570643464,39,36.17,54.34,62.15,4.85
bambous virieux,75,MU,1570643211,69,-20.26,57.41,73.4,17.22
hobart,90,AU,1570643060,87,-42.88,147.33,48.2,4.7
rikitea,95,PF,1570643072,67,-23.12,-134.97,68.81,6.09
georgetown,20,GY,1570643100,66,6.8,-58.16,87.8,9.17
tasiilaq,75,GL,1570643188,75,65.61,-37.64,41,6.93
virginia beach,1,US,1570643467,35,39.95,-90.21,73.99,5.82
puerto rico,75,AR,1570643467,35,-51.62,-69.23,55.4,20.8
vestmannaeyjar,40,IS,1570643467,75,63.44,-20.27,46.4,5.82
erenhot,80,CN,1570643468,63,43.65,111.97,47.75,16.36
meulaboh,100,ID,1570643283,82,4.14,96.13,78.89,10.48
bluff,11,AU,1570643086,40,-23.58,149.07,60.89,8.24
qaanaaq,100,GL,1570643062,82,77.48,-69.36,20.21,12.88
torbay,40,CA,1570643119,58,47.66,-52.73,55.99,16.11
charters towers,90,US,1570643469,82,38.57,-83.43,72,2.72
hami,74,CN,1570643469,23,42.84,93.51,60.35,12.04
porto novo,0,PT,1570643189,68,41.15,-8.61,64.99,17.22
grand river south east,20,FR,1570643135,82,48.39,5.49,57.2,4.7
lasa,20,CY,1570643109,73,34.92,32.53,78.8,8.05
pocao de pedras,40,BR,1570643471,66,-3.37,-60.41,87.8,4.7
cooma,90,AU,1570643471,97,-36.24,149.13,32,1.04
lebu,11,ET,1570643109,89,8.96,38.73,53.15,4.79
labuan,75,BN,1570643279,94,5.28,115.24,77,4.87
gorontalo,9,ID,1570643473,76,0.54,123.06,70.97,2.36
lorengau,13,PG,1570643209,70,-2.02,147.27,84.65,7.61
nishihara,0,JP,1570643473,63,35.74,139.53,66.99,12.75
fairbanks,75,US,1570643068,93,64.84,-147.72,35.6,2.07
jaisalmer,0,IN,1570643475,23,26.91,70.91,88.25,6.48
puerto ayora,75,AR,1570643057,35,-51.62,-69.23,55.4,20.8
ornskoldsvik,75,SE,1570643475,74,63.29,18.72,41,3.36
mount gambier,20,GB,1570643476,76,53.66,-1.85,53.6,11.41
saskylakh,98,RU,1570643169,94,71.97,114.09,16.97,13.68
miles city,0,AU,1570643477,92,-26.66,150.19,52.43,6.48
upernavik,0,GL,1570643153,48,72.79,-56.15,27.41,5.27
port alfred,24,CD,1570643074,66,-7.04,29.76,79.79,4.79
sur,0,OM,1570643478,58,22.57,59.53,81.41,8.59
uglegorsk,0,RU,1570643478,77,49.08,142.06,48.65,8.78
ugoofaaru,100,MV,1570643479,78,5.67,73,82.49,11.37
hilo,1,US,1570643064,64,19.71,-155.08,73.99,5.82
boende,79,CD,1570643480,95,-0.28,20.88,74.21,1.58
guerrero negro,40,AR,1570643122,33,-24.19,-65.45,86,12.75
atuona,38,PF,1570643092,71,-9.8,-139.03,78.71,7.77
plettenberg bay,75,DE,1570643482,81,51.21,7.87,54,11.41
faanui,99,PF,1570643075,81,-16.48,-151.75,75.47,21.38
shingu,31,JP,1570643482,80,33.72,135.99,73.67,25.18
avarua,100,CK,1570643069,82,-21.21,-159.78,68,6.93
pathein,79,MM,1570643483,87,16.78,94.73,78.53,3.64
bilma,94,NE,1570643188,24,18.69,12.92,91.85,2.13
coquimbo,75,CL,1570643484,76,-29.95,-71.34,57.2,12.75
havre-saint-pierre,1,CA,1570643170,53,50.23,-63.6,51.8,17.22
katsuura,20,JP,1570643162,82,33.93,134.5,57.2,10.29
khatanga,83,RU,1570643116,94,71.98,102.47,14.45,8.15
mar del plata,9,CN,1570643115,59,29.86,90.73,31.91,4.75
jiangyou,100,CN,1570643485,80,31.78,104.73,56.75,2.9
inuvik,90,CA,1570643485,86,68.36,-133.71,32,4.7
hermanus,39,ZA,1570643060,84,-34.42,19.24,55,14.01
mandsaur,29,IN,1570643486,78,24.07,75.07,73.67,4.37
belton,40,US,1570643487,55,31.06,-97.46,87.01,17.22
aksarka,100,RU,1570643083,98,66.56,67.8,37.49,5.31
jacareacanga,71,BR,1570643487,52,-6.22,-57.76,93.2,4.7
cape town,75,CL,1570643058,46,-36.41,-71.9,69.8,11.41
beringovskiy,2,RU,1570643065,68,63.05,179.32,33.17,15.49
san cristobal,27,ML,1570643067,25,13.3,-4.9,94.37,7.15
tual,100,ID,1570643187,86,-5.67,132.75,78.17,8.14
manaus,40,BR,1570643489,66,-3.13,-59.98,87.8,4.7
thompson,75,CA,1570643079,59,55.74,-97.86,35.6,9.17
barrow,27,AR,1570643093,33,-38.31,-60.23,70.25,17.38
gayny,100,RU,1570643490,88,60.3,54.33,34.25,1.69
laguna,75,BZ,1570643490,79,16.17,-88.94,86,4.7
ustye,76,RU,1570643491,92,58.76,27.79,40.19,5.48
victoria,75,BN,1570643084,94,5.28,115.24,77,4.87
saint-philippe,1,CA,1570643128,51,45.36,-73.48,63,4.7
muriti,20,TZ,1570643492,78,-1.99,32.93,75.2,5.82
hambantota,99,LK,1570643056,78,6.12,81.12,82.13,10.45
alberton,0,ZA,1570643493,16,-26.25,28.13,82.4,2.78
acapulco,90,MX,1570643285,74,16.86,-99.88,82.4,3.36
taltal,38,CL,1570643493,71,-25.41,-70.49,58.91,5.96
dunedin,100,NZ,1570643207,95,-45.87,170.5,48.99,1.01
erzin,0,TR,1570643494,60,36.95,36.2,77,3.36
chokurdakh,0,RU,1570643057,88,70.62,147.9,4.37,3.28
saint-pierre,57,FR,1570643127,71,48.95,4.24,57.2,16.11
marzuq,36,YE,1570643495,53,14.4,46.47,75.65,5.16
segovia,0,ES,1570643496,31,40.95,-4.12,82.4,1.12
samarai,98,PG,1570643214,95,-10.62,150.67,73.49,3.07
jinka,100,ET,1570643497,89,5.79,36.57,64.13,4.64
ust-maya,14,RU,1570643497,96,60.42,134.54,22.55,2.37
malazgirt,26,TR,1570643498,60,39.15,42.54,51.71,3.24
wilmington,90,US,1570643498,67,39.75,-75.55,62.01,9.17
lagoa,0,PT,1570643184,53,37.14,-8.45,82,5.82
tuktoyaktuk,90,CA,1570643157,67,69.44,-133.03,32,4.7
nikolskoye,75,RU,1570643138,86,59.7,30.79,41,4.47
tubuala,40,PA,1570643500,83,9.52,-79.03,82.4,8.05
trairi,69,BR,1570643172,35,-3.28,-39.27,91.13,14.54
arlit,100,NE,1570643218,21,18.74,7.39,96.53,10.71
hemsedal,100,NO,1570643501,86,60.86,8.55,35.01,4.32
tiksi,100,RU,1570643086,88,71.64,128.87,22.73,7.61
cidreira,0,BR,1570643082,84,-30.17,-50.22,67.55,9.65
port blair,24,CD,1570643144,66,-7.04,29.76,79.79,4.79
matagami,55,NG,1570643503,95,9.67,8.4,70.61,1.25
busselton,8,AU,1570643099,67,-33.64,115.35,54,2.17
touros,40,BR,1570643243,54,-5.2,-35.46,84.2,17.22
tavda,100,RU,1570643504,84,58.04,65.27,50.27,5.35
gladstone,90,AU,1570643505,68,-23.84,151.26,68,9.17
zhigansk,1,RU,1570643506,84,66.77,123.37,17.69,24.96
maun,14,BW,1570643506,17,-19.99,23.42,91.4,5.82
san felipe,27,ML,1570643506,25,13.3,-4.9,94.37,7.15
auki,93,NG,1570643507,72,12.18,6.51,78.71,4.75
saint-georges,61,CA,1570643131,48,46.12,-70.67,57.99,3
pokhara,0,NP,1570643508,92,28.21,83.99,63.41,2.34
hithadhoo,58,MV,1570643136,76,-0.6,73.08,82.49,9.37
illapel,100,CL,1570643508,10,-31.63,-71.17,83.93,9.88
noumea,0,NC,1570643509,93,-22.28,166.46,72,14.72
kahului,20,US,1570643174,77,20.89,-156.47,77,3.36
iqaluit,75,CA,1570643091,86,63.75,-68.52,37.4,5.82
tagab,0,AF,1570643510,38,34.85,69.65,59,3.36
daman,100,IN,1570643510,81,20.42,72.83,77.99,5.24
padang,47,ID,1570643173,98,-0.92,100.36,67.55,0.97
tongchuan,99,CN,1570643511,100,34.9,108.95,55.4,2.24
severo-kurilsk,89,RU,1570643088,96,50.68,156.12,42.35,6.3
mackenzie,75,CA,1570643512,73,55.34,-123.09,26.6,5.82
bismarck,90,US,1570643512,100,46.81,-100.78,42.8,14.99
portland,75,US,1570643513,54,43.66,-70.25,61,12.75
jamestown,0,AU,1570643098,87,-33.21,138.6,43.25,13.19
okhotsk,100,RU,1570643513,94,59.36,143.24,38.21,15.24
kruisfontein,66,ZA,1570643163,67,-34,24.73,52.61,18.48
sitka,0,US,1570643237,57,37.17,-99.65,79,20
zakharovo,100,RU,1570643514,98,54.37,39.28,41,4
timmins,40,CA,1570643515,51,48.48,-81.33,62.6,13.87
yantal,100,RU,1570643516,80,56.85,105.25,20.39,6.78
kavieng,10,PG,1570643140,68,-2.57,150.8,84.83,6.34
dayong,2,CN,1570643516,78,25.02,118.29,75.2,4.47
waipawa,100,NZ,1570643517,94,-39.94,176.59,46.99,1.45
birjand,0,IR,1570643518,15,32.86,59.22,71.6,4.58
aykhal,90,RU,1570643267,79,65.95,111.51,19.4,11.18
hobyo,0,SO,1570643518,72,5.35,48.53,81.23,9.98
norman wells,1,US,1570643067,60,35.22,-97.44,77,24.16
abha,40,SA,1570643519,28,18.22,42.5,71.6,23.04
pauini,57,BR,1570643520,55,-7.71,-67,90.59,1.68
muana,20,BR,1570643520,49,-1.53,-49.22,90.77,7.7
sisimiut,26,GL,1570643264,45,66.94,-53.67,33.17,2.47
terskaya,90,RU,1570643521,100,43.72,44.72,50,4.45
ribeira grande,20,PT,1570643150,63,41.76,-8.56,66.99,8.05
sokoni,79,CD,1570643522,33,-12.89,28.78,73.85,3.03
kos,0,BG,1570643522,92,41.54,25.53,53.33,4.75
palu,55,ID,1570643523,98,-0.9,119.87,66.29,2.17
tanete,88,ID,1570643523,96,-3.94,119.78,71.33,3.4
ladario,0,PT,1570643524,55,40.7,-7.74,72,4
corrente,78,BR,1570643524,37,-17.45,-44.68,87.17,5.15
cockburn town,0,AU,1570643300,42,-32.08,141,48.2,3.36
kodiak,90,US,1570643062,62,39.95,-94.76,59,18.34
mukhen,26,RU,1570643525,67,48.19,136.14,47.39,11.97
pedro escobedo,75,BR,1570643525,61,-18.99,-47.14,77,4.7
tuatapere,100,NZ,1570643144,98,-46.13,167.69,46.99,8.01
saint-augustin,75,CA,1570643526,58,45.63,-73.98,62.01,8.05
klyuchi,0,RU,1570643526,67,52.25,79.17,51.71,5.75
sao joao da barra,0,IN,1570643257,71,20.51,76.21,72.41,3.35
saldanha,0,PT,1570643083,35,41.42,-6.55,64.67,6.36
swift current,40,US,1570643527,65,31.62,-94.48,82,8.05
camopi,39,GF,1570643528,26,3.17,-52.33,97.79,5.34
plouzane,75,FR,1570643529,82,48.38,-4.62,57.2,16.11
fare,95,PF,1570643529,82,-16.7,-151.02,75.65,20.71
tymovskoye,1,RU,1570643530,89,50.85,142.66,38.93,4.74
sabang,39,PH,1570643531,87,13.8,121.11,78.01,4.52
kralendijk,40,BQ,1570643531,74,12.15,-68.27,86,14.99
avera,90,US,1570643079,64,33.19,-82.53,77,5.82
sampit,61,ID,1570643261,92,-2.54,112.95,73.85,0.66
kasaragod,40,IN,1570643532,88,12.5,75,77,5.82
gloucester,20,GB,1570643533,81,51.87,-2.25,54,9.17
kalemie,100,CD,1570643533,48,-5.95,29.2,76.19,1.03
fagernes,100,NO,1570643533,93,60.99,9.24,35.01,5.06
bismil,0,TR,1570643534,38,37.85,40.66,73.4,5.82
sola,88,TZ,1570643245,47,-3.17,33.8,77.63,15.65
bandar penggaram,75,BD,1570643534,100,22.29,91.78,78.8,1.73
vestmanna,99,FO,1570643535,87,62.16,-7.17,50,16.11
tolbazy,90,RU,1570643535,93,54.01,55.89,41,4.47
yarada,75,IN,1570643536,94,17.65,83.27,78.8,4.7
cherskiy,0,RU,1570643097,86,68.75,161.3,11.03,9.05
itarema,64,BR,1570643536,46,-2.92,-39.92,87.89,18.32
port elizabeth,24,CD,1570643170,66,-7.04,29.76,79.79,4.79
arraial do cabo,40,BR,1570643191,61,-22.84,-46.65,77,6.93
laramie,1,US,1570643537,12,41.31,-105.59,66.2,20.8
esil,83,KZ,1570643538,36,51.96,66.41,56.75,10.62
longyearbyen,75,NO,1570643059,93,78.22,15.63,32,12.75
kamyshevatskaya,90,RU,1570643539,64,46.41,37.96,50.63,5.04
new norfolk,75,LR,1570643057,83,6.65,-10.59,82.4,11.41
tenali,40,IN,1570643540,88,16.24,80.65,82.4,3.37
yellowknife,20,CA,1570643077,74,62.45,-114.38,33.01,8.05
nizwa,12,OM,1570643541,38,22.93,57.53,80.69,4.15
verkhoyansk,59,RU,1570643541,77,67.55,133.39,9.95,6.82
dingle,88,PH,1570643541,90,11,122.67,74.93,4.26
mogadishu,30,SO,1570643224,85,2.04,45.34,80.33,10.02
rovaniemi,90,FI,1570643542,93,66.5,25.72,35.6,6.93
kadoma,0,JP,1570643242,72,34.73,135.6,62.6,10.29
ostrovnoy,99,RU,1570643168,90,68.05,39.51,32.45,10.5
weatherford,75,US,1570643543,51,32.76,-97.8,84.2,14.99
gambo,10,CF,1570643543,91,4.65,22.26,70.97,1.93
vila velha,90,IT,1570643223,100,45.18,8.4,59,1.12
paamiut,79,GL,1570643544,79,61.99,-49.67,41.09,5.74
taoudenni,11,ML,1570643164,12,22.68,-3.98,91.67,12.27
moscow,75,RU,1570643545,100,55.75,37.62,39.2,6.71
rawson,15,AR,1570643545,56,-43.3,-65.11,54.95,4.02
port moresby,24,CD,1570643546,66,-7.04,29.76,79.79,4.79
byron bay,90,US,1570643263,69,32.65,-83.76,75.2,5.82
salta,40,AR,1570643547,36,-24.79,-65.41,86,6.93
liverpool,40,GB,1570643172,71,53.41,-2.98,55.4,12.75
serrinha,5,BR,1570643547,40,-11.66,-39,86.99,13.83
east london,84,UG,1570643160,88,3.43,31.7,70.61,4.34
verkhnyaya maksakovka,100,RU,1570643548,99,60.98,40.21,34.97,6.75
belmonte,0,PT,1570643135,29,40.36,-7.35,66.99,4.46
boryslav,99,UA,1570643549,93,49.29,23.42,50,4.47
butaritari,47,KI,1570643059,65,3.07,172.79,84.47,8.55
derzhavinsk,83,KZ,1570643550,32,51.1,66.31,58.19,10.4
bombay,1,US,1570643550,54,44.94,-74.57,62.01,5.82
emerald,0,AU,1570643551,21,-23.53,148.16,62.6,8.05
guangyuan,100,CN,1570643551,90,32.43,105.86,54.05,6.27
bam,0,IR,1570643552,12,29.11,58.36,80.87,11.75
talnakh,8,RU,1570643126,73,69.49,88.39,19.4,8.95
grindavik,75,IS,1570643119,70,63.84,-22.43,48.2,16.11
port hardy,24,CD,1570643553,66,-7.04,29.76,79.79,4.79
veraval,40,FR,1570643553,76,49.65,0.71,53.6,12.75
aklavik,75,CA,1570643210,68,68.22,-135.01,32,3.36
ossora,87,RU,1570643554,86,59.24,163.07,44.15,15.99
gilgit,55,PK,1570643555,51,35.92,74.31,42.71,4.2
lavrentiya,91,RU,1570643177,89,65.58,-170.99,34.97,7.42
zhangjiakou,96,CN,1570643131,61,40.77,114.88,48.47,1.01
qena,1,EG,1570643555,32,26.16,32.72,95,3.36
honiara,20,SB,1570643556,94,-9.43,159.96,73.4,2.13
markova,20,RU,1570643556,68,52.21,104.21,30.2,6.71
alyangula,100,AU,1570643102,94,-13.85,136.42,69.8,4.7
sohag,0,EG,1570643557,11,26.55,31.7,96.8,11.41
tarakan,82,ID,1570643557,80,3.3,117.63,80.33,4.27
luganville,96,VU,1570643557,94,-15.51,167.18,70.79,1.95
skibbereen,20,IE,1570643558,71,51.55,-9.27,51.8,12.75
hervey bay,1,US,1570643124,50,33.5,-93.78,77,9.17
alofi,98,NU,1570643201,94,-19.06,-169.92,71.6,10.29
riyadh,6,SA,1570643559,31,24.63,46.72,89.6,5.82
qasigiannguit,20,GL,1570643133,43,68.82,-51.19,33.8,5.82
carutapera,75,BR,1570643560,77,-1.2,-46.02,81.05,19.6
dergachi,50,RU,1570643560,57,51.24,48.77,42.89,7.25
sonoita,1,US,1570643246,27,31.68,-110.66,84.99,21.92
kakonko,93,TZ,1570643560,50,-3.28,30.97,74.39,0.77
creel,0,MX,1570643561,46,27.75,-107.63,69.35,11.26
esperance,100,AU,1570643171,59,-33.86,121.89,62.6,14.99
janakpur,2,NP,1570643562,89,26.73,85.92,73.85,6.22
sumbe,75,AO,1570643562,81,-11.2,13.84,78.8,4.7
puerto escondido,75,AR,1570643215,35,-51.62,-69.23,55.4,20.8
marrakesh,2,MA,1570643563,16,31.63,-7.99,93.2,5.82
biloela,58,AU,1570643563,83,-24.4,150.51,58.73,12.22
mae ramat,18,ID,1570643563,93,0.99,120.84,67.19,1.67
santa cruz de la palma,0,PH,1570643564,85,17.49,120.43,71.33,4.98
bethel,75,US,1570643067,100,60.79,-161.76,39.2,9.17
beira,40,ES,1570643277,72,43.2,-8.36,64.99,8.05
haileybury,1,CA,1570643565,51,47.44,-79.64,62.6,16.11
port said,24,CD,1570643566,66,-7.04,29.76,79.79,4.79
nantucket,90,US,1570643566,93,41.28,-70.1,55.99,16.11
calama,0,CL,1570643567,5,-22.46,-68.93,79,20.8
mehamn,75,NO,1570643070,86,71.03,27.85,41,17.22
paralimni,1,GR,1570643569,69,40.99,23.67,64,5.99
rocha,0,UY,1570643105,52,-34.48,-54.34,73.31,10.84
evensk,20,RU,1570643182,43,61.92,159.24,24.53,14.63
nome,40,US,1570643097,55,30.04,-94.42,87.01,5.82
makakilo city,40,US,1570643200,83,21.35,-158.09,78.01,3.36
namibe,81,AO,1570643570,85,-15.19,12.15,66.83,6.96
cheney,20,US,1570643571,59,47.49,-117.58,41,10.29
jumla,4,NP,1570643571,91,29.28,82.18,41.45,3.57
licheng,1,CN,1570643571,88,24.5,110.4,70.07,2.2
okha,94,RU,1570643572,86,53.59,142.95,43.97,14.16
butembo,62,CD,1570643572,77,0.12,29.29,64.49,3.49
kotido,64,UG,1570643573,50,3.01,34.12,76.73,7.29
bontang,84,ID,1570643573,83,0.12,117.47,78.71,4.84
ilulissat,20,GL,1570643099,43,69.22,-51.1,33.8,5.82
bathsheba,40,BB,1570643070,62,13.22,-59.52,87.8,13.87
lazaro cardenas,5,MX,1570643574,33,29.05,-111.04,93.99,6.93
komoro,22,JP,1570643574,100,36.32,138.43,54,2.9
zalesovo,33,RU,1570643575,78,54,84.74,38.03,6.25
pangnirtung,90,CA,1570643106,80,66.15,-65.72,35.6,2.24
sand,75,DE,1570643575,81,49.68,11.63,53.6,8.05
lima,90,PE,1570643576,77,-12.06,-77.04,62.6,8.05
olovyannaya,50,RU,1570643578,45,50.94,115.59,29.75,15.18
martapura,37,ID,1570643578,92,-3.41,114.85,73.13,2.72
ambulu,15,ID,1570643578,83,-8.35,113.61,76.37,5.73
inhambane,20,MZ,1570643579,88,-23.87,35.38,77,13.87
bayshore gardens,1,US,1570643579,86,47.25,-123.05,50,6.36
coihaique,40,CL,1570643235,57,-45.58,-72.07,55.4,10.29
grand gaube,20,FR,1570643113,82,48.39,5.49,57.2,4.7
flinders,8,AU,1570643580,87,-34.58,150.85,57,8.05
maragogi,40,BR,1570643580,77,-9.01,-35.22,77.99,16.38
mahebourg,75,MU,1570643123,69,-20.41,57.7,73.4,17.22
iquique,0,CL,1570643142,63,-20.22,-70.14,62.6,9.17
volovo,99,RU,1570643581,89,53.55,38.01,42.17,13.14
agadez,20,NE,1570643268,41,16.97,7.99,91.4,9.17
chapada dos guimaraes,1,BR,1570643582,22,-3.91,-40.78,90.77,9.64
broome,20,GB,1570643117,76,52.47,1.45,55,6.93
gizo,20,IL,1570643583,74,31.8,34.94,78.8,4.7
ambovombe,22,MG,1570643583,51,-25.18,46.09,78.71,4.86
beloha,85,MG,1570643118,38,-25.17,45.06,82.67,10.91
gallup,1,US,1570643585,17,35.53,-108.74,66.2,21.92
yunyang,100,CN,1570643585,85,32.84,110.81,57.83,2.35
nanortalik,100,GL,1570643200,79,60.14,-45.24,40.91,11.57
roura,75,GF,1570643586,59,4.73,-52.33,89.6,14.99
berlevag,75,NO,1570643262,86,70.86,29.09,39.2,10.29
codrington,75,AU,1570643587,87,-28.95,153.24,60.8,3.31
nakamura,40,JP,1570643587,68,35.17,136.87,64.4,9.17
elizabeth city,90,US,1570643588,87,40.66,-74.21,55.99,9.17
alta floresta,75,NO,1570643238,80,69.97,23.27,41,17.22
mnogovershinnyy,6,RU,1570643589,76,53.94,139.92,33.71,2.54
forestville,5,CA,1570643589,61,48.74,-69.09,50,9.17
kununurra,0,AU,1570643154,21,-15.77,128.74,87.8,9.17
kiunga,100,PG,1570643590,96,-6.12,141.3,73.31,2.69
sao francisco,0,IN,1570643591,71,20.51,76.21,72.41,3.35
praia da vitoria,75,BR,1570643591,42,-20.25,-43.81,84.2,5.82
teeli,0,RU,1570643592,56,51.01,90.2,40.91,1.27
lompoc,90,US,1570643261,93,34.64,-120.46,55.4,4.7
bakel,25,SN,1570643592,40,14.9,-12.46,93.65,8.06
yumen,93,CN,1570643593,46,40.29,97.04,54.41,3.97
joshimath,0,IN,1570643254,65,30.57,79.57,42.17,4.78
ulvik,75,NO,1570643593,80,60.57,6.92,46.99,14.99
kilindoni,100,TZ,1570643065,89,-7.91,39.67,76.91,13.07
ambilobe,59,MG,1570643068,57,-13.19,49.05,78.17,15.2
raudeberg,75,NO,1570643148,76,61.99,5.14,52,14.99
siocon,100,PH,1570643597,86,11.03,124.04,77.81,4.6
vao,98,EE,1570643096,93,59.1,26.19,42.71,6.4
rehoboth,9,NA,1570643598,10,-23.31,17.08,71.51,10.67
tahoua,40,NE,1570643599,66,14.89,5.26,84.2,6.93
mayo,90,CA,1570643599,92,63.59,-135.9,24.8,1.45
marsabit,23,KE,1570643602,55,2.34,37.99,79.43,19.7
agadir,46,MA,1570643602,64,30.42,-9.58,71.6,11.41
kloulklubed,75,PW,1570643603,78,7.04,134.26,82.4,10.29
kalino,0,BG,1570643603,80,43.47,26.98,57,7
kaitangata,100,NZ,1570643195,93,-46.28,169.85,48,17
nuuk,20,GL,1570643604,48,64.17,-51.74,42.8,4.7
huazhou,6,CN,1570643604,91,21.65,110.64,75.47,6.81
zhangye,81,CN,1570643169,41,38.94,100.46,52.97,1.08
dikson,0,RU,1570643112,85,73.51,80.55,27.05,24.05
rexburg,69,US,1570643301,51,43.82,-111.79,37.99,25.28
medea,11,DZ,1570643605,53,36.27,2.77,77,4.7
menongue,94,AO,1570643605,62,-14.66,17.68,66.29,3.65
lubango,25,AO,1570643606,73,-14.92,13.49,63.59,6.85
nyrob,100,RU,1570643606,97,60.74,56.73,34.25,3.06
vila franca do campo,90,IT,1570643090,100,45.18,8.4,59,1.12
syracuse,1,US,1570643607,51,43.05,-76.15,63,9.8
mantua,75,IT,1570643607,87,45.16,10.79,64.99,4.7
chengde,83,CN,1570643607,71,40.97,117.93,48.47,1.54
clyde river,100,NZ,1570643227,95,-45.19,169.32,43,3.19
leningradskiy,100,RU,1570643125,91,69.38,178.42,29.21,24.06
razdolnaya,20,RU,1570643609,93,45.38,39.56,46,2.24
arvika,90,SE,1570643609,93,59.65,12.59,44.6,6.93
chicama,20,PE,1570643610,77,-7.84,-79.15,64.4,13.87
farafangana,0,MG,1570643610,81,-22.82,47.83,75.11,17.11
komsomolskiy,100,RU,1570643186,92,67.55,63.78,33.35,3.51
san javier,27,ML,1570643611,25,13.3,-4.9,94.37,7.15
narsaq,75,GL,1570643225,61,60.91,-46.05,46.4,4.7
warrington,40,GB,1570643612,71,53.39,-2.59,55.4,12.75
oktyabrskiy,90,RU,1570643294,93,55.61,37.97,39.2,4.47
houston,40,US,1570643612,55,29.76,-95.37,87.01,4.7
paracuru,20,BR,1570643262,48,-3.41,-39.03,87.8,19.46
santa maria,0,PH,1570643613,85,17.49,120.43,71.33,4.98
hofn,20,IS,1570643073,61,64.25,-15.21,46.4,14.99
bilibino,65,RU,1570643613,96,68.06,166.44,2.57,2.39
christchurch,100,NZ,1570643108,47,-43.53,172.64,59,8.05
pacific grove,1,US,1570643614,61,47.26,-122.25,48,3.36
atbasar,19,KZ,1570643618,43,51.81,68.36,54.95,6.25
tessalit,71,ML,1570643619,19,20.2,1.01,94.19,7.22
kifri,100,IQ,1570643620,22,34.69,44.96,88.61,9.23
fort nelson,100,IN,1570643153,90,17.96,79.61,75.47,3.14
marienburg,40,DE,1570643621,93,52.12,9.98,51.8,6.93
arman,100,RU,1570643626,76,59.7,150.17,40.37,12.84
cairns,100,AU,1570643627,94,-16.92,145.77,68,1.12
yokadouma,100,CM,1570643627,97,3.52,15.05,68.63,3.69
bur gabo,44,FI,1570643628,92,63.56,22.87,39.99,4.7
rancho palos verdes,0,BR,1570643628,34,-23.03,-52.96,88.25,7.62
tilichiki,33,RU,1570643207,68,60.47,166.1,21.47,8.78
vangaindrano,40,MG,1570643629,94,-23.35,47.6,68.63,3.36
leshukonskoye,99,RU,1570643630,95,64.9,45.76,33.17,11.53
paterno,67,IT,1570643630,64,42.06,13.47,69.8,2.24
snezhnogorsk,75,RU,1570643633,94,69.19,33.23,33.8,2.24
ormara,0,PK,1570643633,80,25.21,64.64,82.67,11.32
college,75,US,1570643634,93,64.86,-147.8,35.6,1.3
naze,75,NG,1570643179,100,5.43,7.07,75.2,2.24
bandarbeyla,65,SO,1570643278,90,9.49,50.81,79.25,10.51
san patricio,27,ML,1570643066,25,13.3,-4.9,94.37,7.15
moranbah,18,AU,1570643635,80,-22,148.04,67.73,13.54
sungairaya,22,ID,1570643636,88,0.7,108.9,75.11,1.29
husavik,100,CA,1570643636,88,50.56,-96.99,43,3
sturgeon falls,1,US,1570643637,52,39.23,-92.28,70,10.29
tvoroyri,94,FO,1570643638,87,61.56,-6.81,50,16.11
cedar city,1,US,1570643638,17,39.39,-110.45,73,6.93
paita,4,PE,1570643638,290,-5.09,-81.11,62.6,14.99
kharhial,12,IN,1570643639,86,20.28,82.77,74.21,0.59
deputatskiy,100,RU,1570643104,97,69.3,139.9,3.29,3.08
xining,100,CN,1570643241,92,36.62,101.77,41.45,3.87
humboldt,98,CA,1570643640,46,52.21,-105.12,32.45,13.16
husum,100,DE,1570643640,93,54.49,9.05,53.01,11.41
richards bay,1,US,1570643245,63,46.84,-95.91,66.2,14.99
dukat,0,AL,1570643641,83,40.25,19.57,68,3.02
horki,34,BY,1570643644,95,54.29,30.98,43.79,10.42
coahuayana,100,MX,1570643645,69,18.62,-100.35,83.03,2.63
kawalu,65,ID,1570643646,86,-7.38,108.21,67.01,2.38
hurricane,1,US,1570643646,14,37.18,-113.29,75.2,5.82
provideniya,96,RU,1570643127,92,64.42,-173.23,31.55,6.2
sibolga,74,ID,1570643201,98,1.74,98.78,71.33,1.29
methven,99,NZ,1570643649,59,-43.63,171.65,57.99,1.99
dublin,40,IE,1570643650,81,53.35,-6.26,50,9.17
nisia floresta,3,GR,1570643294,84,39.39,21.64,55.99,3.24
gandai,4,IN,1570643650,83,21.67,81.1,74.39,3.45
vilhena,40,BR,1570643651,52,-12.74,-60.15,87.8,5.82
cantaura,100,VE,1570643653,81,9.31,-64.36,84.29,5.17
champerico,75,MX,1570643653,65,16.38,-93.6,82.4,4.7
yaan,57,NG,1570643292,87,7.38,8.57,77.81,4.17
lashio,0,MM,1570643654,87,22.93,97.75,63.77,1.03
neyyattinkara,75,IN,1570643654,83,8.4,77.08,82.4,3.36
kirakira,95,SB,1570643654,84,-10.46,161.92,75.11,5.46
nemuro,0,JP,1570643304,71,43.32,145.57,55.31,4.64
majene,93,ID,1570643655,88,-3.54,118.97,74.93,7.52
midleton,20,IE,1570643656,71,51.91,-8.17,52,12.75
jalu,100,LY,1570643656,14,29.03,21.55,92.03,11.49
caravelas,36,BR,1570643108,65,-17.73,-39.27,80.87,15.2
saint-francois,12,FR,1570643285,82,46.42,3.91,55.4,5.87
rundu,60,NA,1570643658,16,-17.91,19.77,91.4,5.82
faya,40,SA,1570643152,28,18.39,42.45,71.6,23.04
isangel,44,VU,1570643658,78,-19.55,169.27,70.97,6.53
kalaleh,50,IR,1570643659,60,37.38,55.49,75.2,11.41
yulara,0,AU,1570643190,18,-25.24,130.99,62.6,5.82
sidney,1,US,1570643660,28,40.28,-84.16,73.99,5.82
cabedelo,75,BR,1570643660,62,-6.97,-34.84,84.2,16.11
howard springs,1,US,1570643259,67,44.01,-97.53,66,24.16
mill valley,90,NL,1570643662,81,51.68,5.78,54,13.87
half moon bay,75,LR,1570643212,83,6.38,-10.7,82.4,11.41
ponta do sol,100,BR,1570643143,87,-0.53,-65.05,81.95,1.98
vargem grande,90,BR,1570643663,83,-22.89,-46.41,73.99,5.82
miyakonojo,0,JP,1570643664,87,31.78,131.06,57,3
errol,20,GB,1570643664,81,56.39,-3.21,51.8,20.8
fortuna,1,US,1570643147,47,40.6,-124.16,55.4,8.05
fostoria,20,US,1570643665,49,43.24,-95.16,69.01,20.8
ziniare,40,BF,1570643665,62,12.58,-1.3,86,9.17
shumyachi,79,RU,1570643666,94,53.86,32.43,44.69,11.88
ntungamo,59,UG,1570643666,70,-0.87,30.27,67.55,0.87
altamont,90,CA,1570643667,100,49.4,-98.5,41,21.92
seminole,1,US,1570643667,39,32.72,-102.64,82.99,16.11
sarahan,2,IN,1570643667,75,31.51,77.79,35.87,3.04
beyneu,100,KZ,1570643668,69,45.32,55.19,56.57,19.57
hailar,89,CN,1570643668,64,49.2,119.7,35.15,18.41
groa,75,FR,1570643668,76,48.67,-4.14,57.2,19.46
busembatia,100,UG,1570643669,81,0.77,33.62,69.35,3.05
healdsburg,1,US,1570643669,44,38.61,-122.87,66.99,5.82
bom jesus,0,ML,1570643670,19,14.95,-2.93,96.53,8.38
linxia,100,CN,1570643670,91,35.6,103.21,40.91,1.9
princeton,90,US,1570643671,87,40.35,-74.66,57.99,9.17
flin flon,20,FR,1570643294,82,48.5,6.66,57.2,4.7
lensk,100,RU,1570643673,93,60.71,114.91,15.71,6.59
savannah bight,75,US,1570643674,73,32.08,-81.09,75,11.41
kinablangan,100,PH,1570643674,87,7.69,126.55,72.41,3.71
klaksvik,92,FO,1570643205,87,62.23,-6.59,50,16.11
zawadzkie,40,PL,1570643675,93,50.61,18.48,53.01,5.82
algiers,1,US,1570643676,55,29.94,-90.04,90,5.82
kalia,98,BD,1570643676,85,23.05,89.63,75.83,3.49
berettyoujfalu,1,HU,1570643677,51,47.22,21.55,60.8,6.93
hasaki,0,JP,1570643157,87,35.73,140.83,57.2,8.05
iskateley,35,RU,1570643678,88,67.68,53.15,30.65,14.01
chernyshevskiy,97,RU,1570643678,88,63.01,112.47,15.89,7.73
baruun-urt,51,MN,1570643679,46,46.68,113.28,32.27,9.49
lucapa,100,AO,1570643206,82,-8.42,20.74,71.87,3.45
poronaysk,0,RU,1570643679,71,49.22,143.1,48.65,8.15
balkanabat,75,TM,1570643680,57,39.51,54.36,70.07,8.85
plotnikovo,52,RU,1570643680,76,55.04,83.4,32,4.47
siderno,47,IT,1570643680,69,38.28,16.3,77,1.12
ponta delgada,100,BR,1570643681,87,-0.53,-65.05,81.95,1.98
alekseyevsk,100,RU,1570643681,80,57.84,108.35,21.29,4.96
binucayan,100,PH,1570643681,98,8.25,125.72,69.71,2.55
tsabong,0,BW,1570643682,19,-26.02,22.4,74.39,21.95
rio gallegos,1,US,1570643682,40,41.11,-90.4,72,10.29
anadyr,33,RU,1570643683,85,64.73,177.51,24.8,13.42
salalah,40,OM,1570643683,74,17.01,54.1,82.4,3.36
singaraja,0,ID,1570643683,72,-8.11,115.08,79.97,3.74
qui nhon,40,BR,1570643684,58,-10.97,-37.6,84.2,14.99
leamington,75,CA,1570643684,68,42.05,-82.6,70,9.17
usinsk,100,RU,1570643685,86,66,57.56,33.35,9.58
grand haven,20,FR,1570643686,82,48.39,5.49,57.2,4.7
kafue,63,ZM,1570643686,21,-15.74,28.18,84.2,6.93
yagodnoye,100,RU,1570643687,80,62.52,149.63,14.99,0.86
san lawrenz,27,ML,1570643687,25,13.3,-4.9,94.37,7.15
guanica,1,PR,1570643088,70,17.97,-66.91,90,14.99
benicarlo,7,ES,1570643688,80,40.42,0.43,70.79,6.75
muli,96,CN,1570643267,69,28.08,109.56,69.89,3.02
macae,90,BR,1570643689,78,-22.37,-41.79,77,8.05
nalut,15,LY,1570643689,46,31.86,10.98,73.67,11.75
hattiesburg,1,US,1570643690,48,31.33,-89.29,86,3.94
canutama,99,BR,1570643690,55,-6.53,-64.38,87.71,0.36
brufut,75,GM,1570643691,74,13.38,-16.75,86,5.82
kirzhach,100,RU,1570643692,95,56.16,38.87,39.47,7.75
tucumcari,1,US,1570643692,30,35.17,-103.73,80.6,23.04
anupgarh,0,IN,1570643693,23,29.19,73.21,83.75,3.63
kungurtug,34,RU,1570643693,95,50.6,97.53,27.59,1.73
cayenne,75,GF,1570643693,59,4.94,-52.33,89.6,14.99
chumikan,100,RU,1570643694,79,54.72,135.31,36.77,1.08
borovoy,97,RU,1570643694,85,63.23,52.89,31.19,4.84
lewistown,1,US,1570643694,40,40.39,-90.15,75.99,10.29
muravlenko,93,RU,1570643695,86,63.79,74.5,38.57,20.71
calvinia,0,ZA,1570643695,49,-31.47,19.78,51.71,12.38
pangkalanbuun,40,ID,1570643696,90,-2.68,111.62,72.41,1.29
rudarpur,20,IN,1570643696,100,26.64,83.25,75.2,1.12
panzhihua,3,CN,1570643697,91,26.59,101.72,58.55,1.34
las torres de cotillas,75,PL,1570643697,100,49.74,19.43,55,3.36
soyo,40,AO,1570643698,78,-6.13,12.37,80.6,6.93
changping,100,CN,1570643698,82,40.22,116.23,66,6.71
marathon,40,CA,1570643288,72,48.72,-86.38,59,14.99
pisco,20,PE,1570643225,30,-13.71,-76.2,71.6,9.17
lazuri,40,RO,1570643699,66,46.36,23.02,53.6,2.24
issia,65,CI,1570643700,94,6.49,-6.58,75.29,4.55
pampa,1,US,1570643700,44,35.54,-100.96,80.6,21.92
ozinki,33,RU,1570643701,57,51.2,49.73,42.17,7.88
katobu,81,ID,1570643702,95,-4.94,122.53,71.87,3.94
carbondale,75,US,1570643702,82,38.82,-95.69,62.01,12.75
lumberton,40,US,1570643702,55,30.27,-94.2,86,5.82
alzamay,22,RU,1570643703,79,55.55,98.67,25.07,2.54
lata,9,IN,1570643138,77,30.78,78.62,27.41,1.61
lerwick,20,GB,1570643704,87,60.15,-1.15,51.8,17.22
lewisporte,20,CA,1570643704,50,49.25,-55.06,57.99,12.75
talaya,87,RU,1570643705,77,55.79,84.89,32,2.24
bay roberts,20,PH,1570643705,78,14.18,121.28,81,2.24
mount isa,20,GB,1570643706,76,53.66,-1.85,53.6,11.41
leopold,1,US,1570643706,78,38.1,-86.58,73.4,6.93
sioux lookout,40,US,1570643706,45,46.74,-90.88,72,5.82
kedrovyy,93,RU,1570643707,79,56.17,91.82,23,3.57
bronnoysund,95,NO,1570643708,70,65.46,12.2,42.8,13.87
partizansk,0,RU,1570643709,93,43.13,133.13,44.33,1.29
morro bay,58,EC,1570643709,76,-2.63,-80.33,73.49,16.83
bemidji,1,US,1570643709,63,47.48,-94.89,64.4,14.99
anta,20,PE,1570643710,13,-13.47,-72.15,71.01,16.11
katangli,33,RU,1570643163,77,51.71,143.23,38.39,7.98
palora,75,EC,1570643710,61,-1.7,-77.97,77,3.36
cam ranh,92,AR,1570643711,22,-38.98,-67.82,69.8,5.82
yar-sale,100,RU,1570643262,93,66.83,70.83,39.83,16.59
ola,100,RU,1570643712,80,59.58,151.3,36.59,22.56
morondava,0,MG,1570643712,61,-20.3,44.28,79.43,7.66
